"tweet_id","in_reply_to_status_id","in_reply_to_user_id","timestamp","source","text","retweeted_status_id","retweeted_status_user_id","retweeted_status_timestamp","expanded_urls"
"622625265001345024","","","2015-07-19 04:33:25 +0000","<a href=""http://twitter.com"" rel=""nofollow"">Twitter Web Client</a>","RT @brainpicker: What art does for the human soul and how to reap its 7 psychological benefits http://t.co/B33yeoTMJS http://t.co/3b6KigP5zR","622557238876635136","9207632","2015-07-19 00:03:06 +0000","http://buff.ly/1J7JXrC,http://twitter.com/brainpicker/status/622557238876635136/photo/1,http://buff.ly/1J7JXrC,http://twitter.com/brainpicker/status/622557238876635136/photo/1"
"622623071199981568","","","2015-07-19 04:24:42 +0000","<a href=""http://twitter.com"" rel=""nofollow"">Twitter Web Client</a>","RT @TLTP: Creative thinking ‘boosts’ science skills in primary school pupils   http://t.co/ALoitEZVrL","622600860510613506","55198921","2015-07-19 02:56:27 +0000","http://bit.ly/1Sr6tyn?XK60d,http://bit.ly/1Sr6tyn?XK60d"
"622622705909633024","","","2015-07-19 04:23:15 +0000","<a href=""http://twitter.com"" rel=""nofollow"">Twitter Web Client</a>","RT @keithfrankish: Zoo animals in Athens at risk as crisis hits feed imports http://t.co/lgnm3waTzy","622480157274697728","52522040","2015-07-18 18:56:49 +0000","http://ow.ly/PMOui,http://ow.ly/PMOui"
"622439445627863040","","","2015-07-18 16:15:02 +0000","<a href=""http://twitter.com"" rel=""nofollow"">Twitter Web Client</a>","Ha! https://t.co/mO9nVwtzR0","","","","https://twitter.com/SWIPAnalytic/status/622429368556625920"
"621774119466573824","","","2015-07-16 20:11:16 +0000","<a href=""http://www.hootsuite.com"" rel=""nofollow"">Hootsuite</a>","Have fun! http://t.co/f2D0ogBy9o","","","","http://ow.ly/PIkNt"
"621404674642423808","","","2015-07-15 19:43:14 +0000","<a href=""http://twitter.com"" rel=""nofollow"">Twitter Web Client</a>","RT @the_college: Discover more about the impact that maths hubs are having across the country http://t.co/Nntq8YMDFB #mathschat http://t.co…","621391283349622784","14360170","2015-07-15 18:50:01 +0000","http://bit.ly/1EZlhjH,http://twitter.com/the_college/status/621391283349622784/photo/1,http://bit.ly/1EZlhjH,http://twitter.com/the_college/status/621391283349622784/photo/1"
"621352824941576193","","","2015-07-15 16:17:12 +0000","<a href=""http://twitter.com"" rel=""nofollow"">Twitter Web Client</a>","RT @timcrane102: Women in philosophy discussed by @davidpapineau in this week's @TheTLS http://t.co/HTr1kSzBq0 (free article, no paywall)","621352633295589376","235652202","2015-07-15 16:16:26 +0000","http://bit.ly/1M5ZcCv,http://bit.ly/1M5ZcCv"
"620966724838539264","","","2015-07-14 14:42:58 +0000","<a href=""http://www.hootsuite.com"" rel=""nofollow"">Hootsuite</a>","Little Wolfgang visited us for a play-date today. http://t.co/a0vy29jAfx","","","","http://ow.ly/PAVFR"
"620892107679645696","","","2015-07-14 09:46:28 +0000","<a href=""http://twitter.com"" rel=""nofollow"">Twitter Web Client</a>","RT @philosophybites: Five questions about clarity http://t.co/PF364Zk4XB @stephenlaw60 (from 2007)","620890446143881216","37238862","2015-07-14 09:39:52 +0000","http://stephenlaw.blogspot.co.uk/2007/04/interview-nigel-warburton.html,http://stephenlaw.blogspot.co.uk/2007/04/interview-nigel-warburton.html"
"620888735975112704","","","2015-07-14 09:33:04 +0000","<a href=""http://twitter.com"" rel=""nofollow"">Twitter Web Client</a>","RT @GilchristGeorge: #Incerts15 systems and structures change nothing, people do","619064621362737152","436964891","2015-07-09 08:44:42 +0000",""
"620864318033297408","","","2015-07-14 07:56:03 +0000","<a href=""http://twitter.com"" rel=""nofollow"">Twitter Web Client</a>","RT @MaryMyatt: Nobel winner Malala opens school for Syrian refugees  http://t.co/G6mt2KJ4al","620848491955376128","246811252","2015-07-14 06:53:09 +0000","http://schoolsimprovement.net/nobel-winner-malala-opens-school-for-syrian-refugees/,http://schoolsimprovement.net/nobel-winner-malala-opens-school-for-syrian-refugees/"
"620864137845997568","","","2015-07-14 07:55:20 +0000","<a href=""http://www.hootsuite.com"" rel=""nofollow"">Hootsuite</a>","How to make the Peace plane smile emoticon","","","",""
"620619864974102528","","","2015-07-13 15:44:41 +0000","<a href=""http://twitter.com"" rel=""nofollow"">Twitter Web Client</a>","RT @David_S_Wilson: Society for the Study of Cultural Evolution (SSCE) exceeds 820 founding members from 45 nations. Help us reach 1000 htt…","620618662408491008","370879693","2015-07-13 15:39:54 +0000","http://eepurl.com/bq2Ak1,http://eepurl.com/bq2Ak1"
"620522858637344768","","","2015-07-13 09:19:12 +0000","<a href=""http://twitter.com"" rel=""nofollow"">Twitter Web Client</a>","'It’s all about talent, isn't it?' Growing leaders from within https://t.co/evjqXevs17","","","","https://nctl.blog.gov.uk/2015/03/13/its-all-about-talent-isnt-it-growing-leaders-from-within/"
"620521048103124992","","","2015-07-13 09:12:01 +0000","<a href=""http://twitter.com"" rel=""nofollow"">Twitter Web Client</a>","RT @learningjay: It is better to not have all the answers than to have all the wrong answers. Be enquiring and brave enough to say 'I don't…","619073087791869952","245410346","2015-07-09 09:18:20 +0000",""
"620519905985724416","","","2015-07-13 09:07:28 +0000","<a href=""http://twitter.com"" rel=""nofollow"">Twitter Web Client</a>","See you in Greece https://t.co/ZENliQG7ii","","","","https://www.youtube.com/watch?t=78&v=c2VaXqSj2tg"
"620517366145904640","","","2015-07-13 08:57:23 +0000","<a href=""http://twitter.com"" rel=""nofollow"">Twitter Web Client</a>","RT @john_scel: RT 'To accomplish great things, we must not only act, but also dream, not only...' - Anatole France @TeamSCEL #leadership @C…","620499460397924352","3334696659","2015-07-13 07:46:14 +0000",""
"620517244280381440","","","2015-07-13 08:56:54 +0000","<a href=""http://twitter.com"" rel=""nofollow"">Twitter Web Client</a>","RT @john_scel: Eight components of effective professional learning http://t.co/SxIUdlDMww Do you agree?
@CEOScel #scelfp","620500581887684608","3334696659","2015-07-13 07:50:41 +0000","http://buff.ly/1CuCjGs,http://buff.ly/1CuCjGs"
"620515707458035712","","","2015-07-13 08:50:47 +0000","<a href=""http://twitter.com"" rel=""nofollow"">Twitter Web Client</a>","RT @NickMalkoutzis: Does this count as a win for the Greek side? #Greece #euro https://t.co/1UFbGHlGQH","620501844603703296","279642533","2015-07-13 07:55:42 +0000","https://twitter.com/wolfpiccoli/status/620477599295389696,https://twitter.com/wolfpiccoli/status/620477599295389696"
"620506680573489152","","","2015-07-13 08:14:55 +0000","<a href=""http://twitter.com"" rel=""nofollow"">Twitter Web Client</a>","All you need is love https://t.co/k6bP7taNkh","","","","https://www.youtube.com/watch?v=CLEtGRUrtJo"
"620447741114740737","","","2015-07-13 04:20:43 +0000","<a href=""http://twitter.com"" rel=""nofollow"">Twitter Web Client</a>","RT @philosophybites: The death of Europe? http://t.co/3vKSJa8F0N @NYTimeskrugman","620422348722864128","37238862","2015-07-13 02:39:49 +0000","http://mobile.nytimes.com/blogs/krugman/2015/07/12/killing-the-european-project/?_r=0&referrer=,http://mobile.nytimes.com/blogs/krugman/2015/07/12/killing-the-european-project/?_r=0&referrer="
"620447707912663040","","","2015-07-13 04:20:35 +0000","<a href=""http://twitter.com"" rel=""nofollow"">Twitter Web Client</a>","RT @EllyVintiadis: Except if we (and by that I mean, Europe) make a fantastic comeback, we've already all lost. #Greece","620334844216786944","29206264","2015-07-12 20:52:06 +0000",""
"620314556318019585","","","2015-07-12 19:31:29 +0000","<a href=""http://twitter.com"" rel=""nofollow"">Twitter Web Client</a>","RT @Libroantiguo: Erasmus of Rotterdam, Dutch Renaissance humanist, social critic, teacher, and theologian, died on this day in 1536. http:…","620189848524189696","266178979","2015-07-12 11:15:57 +0000","http://twitter.com/Libroantiguo/status/620189848524189696/photo/1,http://twitter.com/Libroantiguo/status/620189848524189696/photo/1,http://twitter.com/Libroantiguo/status/620189848524189696/photo/1,http://twitter.com/Libroantiguo/status/620189848524189696/photo/1"
"620303156115865600","","","2015-07-12 18:46:11 +0000","<a href=""http://twitter.com"" rel=""nofollow"">Twitter Web Client</a>","RT @judystout1: ""The primary reason to educate is to provide the student with tools to flourish.""  (Not to simply exist.)","620287550880481280","416608486","2015-07-12 17:44:11 +0000",""
"620302861801537536","","","2015-07-12 18:45:01 +0000","<a href=""http://twitter.com"" rel=""nofollow"">Twitter Web Client</a>","Can neuroscience solve the mystery of how students learn? http://t.co/N5WkhGndmu","","","","http://gu.com/p/4aggf/stw"
"620300620755529728","","","2015-07-12 18:36:07 +0000","<a href=""http://twitter.com"" rel=""nofollow"">Twitter Web Client</a>","RT @BodilUK: BLOG: Why balance bikes are better than stabilisers, and what that tells us about scaffolding http://t.co/futpCP9Moa http://t.…","620123000579457024","1679181","2015-07-12 06:50:19 +0000","http://blog.bodil.co.uk/bikes/,http://twitter.com/BodilUK/status/620123000579457024/photo/1,http://blog.bodil.co.uk/bikes/,http://twitter.com/BodilUK/status/620123000579457024/photo/1"
"620089709671354368","","","2015-07-12 04:38:02 +0000","<a href=""http://twitter.com"" rel=""nofollow"">Twitter Web Client</a>","RT @OUPPhilosophy: Can robots be made ethical in their decision making? http://t.co/2h0bCba7Pu via @nature","620080341139746816","2969611414","2015-07-12 04:00:48 +0000","http://oxford.ly/1HMINks,http://oxford.ly/1HMINks"
"619931897670574085","","","2015-07-11 18:10:56 +0000","<a href=""http://twitter.com"" rel=""nofollow"">Twitter Web Client</a>","10 tips for successful school-led research projects https://t.co/b65h1KvKpl","","","","https://nctl.blog.gov.uk/2015/02/16/10-tips-for-successful-school-led-research-projects/"
"619888630857920512","","","2015-07-11 15:19:01 +0000","<a href=""http://twitter.com"" rel=""nofollow"">Twitter Web Client</a>","The Greece we all know https://t.co/gGROOOkjfI","","","","https://www.facebook.com/EPHellas/videos/943422635717092/?pnref=story"
"619828348454346752","","","2015-07-11 11:19:28 +0000","<a href=""http://twitter.com"" rel=""nofollow"">Twitter Web Client</a>","Actually, I don't think that Schauble wants a Grexit because deep, deep, DEEP inside he is a gentle soul.  https://t.co/p0n1JX3mn0","","","","https://twitter.com/keithfrankish/status/619791559031160836"
"619554495656296448","","","2015-07-10 17:11:17 +0000","<a href=""http://twitter.com"" rel=""nofollow"">Twitter Web Client</a>","RT @keithfrankish: @mariakasmirli http://t.co/J6oTv2CWCU","619433744403931138","52522040","2015-07-10 09:11:27 +0000","http://twitter.com/childrenthink/status/619433630205652992,http://twitter.com/childrenthink/status/619433630205652992"
"619246919471247360","","","2015-07-09 20:49:05 +0000","<a href=""http://twitter.com"" rel=""nofollow"">Twitter Web Client</a>","Learning ecosystems http://t.co/uXsTz48IKs","","","","http://knowledgeworks.org/worldoflearning/innovation-pathways-toward-vibrant-learning-ecosystems/"
"619245072798760961","","","2015-07-09 20:41:45 +0000","<a href=""http://twitter.com"" rel=""nofollow"">Twitter Web Client</a>","http://t.co/U4UVCsFOkK","","","","http://knowledgeworks.org/worldoflearning/finland-well-learning/"
"619243365687652352","","","2015-07-09 20:34:58 +0000","<a href=""http://twitter.com"" rel=""nofollow"">Twitter Web Client</a>","RT @brainpicker: Oliver Sacks, one of the most luminous minds of our time, is 82 today—reasons to adore him: http://t.co/ghaw9sKUqJ http://…","619241888248262658","9207632","2015-07-09 20:29:05 +0000","http://buff.ly/1HQgKm1,http://twitter.com/brainpicker/status/619241888248262658/photo/1,http://buff.ly/1HQgKm1,http://twitter.com/brainpicker/status/619241888248262658/photo/1"
"619242614261297152","","","2015-07-09 20:31:58 +0000","<a href=""http://twitter.com"" rel=""nofollow"">Twitter Web Client</a>","http://t.co/sPJ4ZhUSWd","","","","http://www.personalizelearning.com/2014/06/schools-without-classrooms.html"
"619240361567760384","","","2015-07-09 20:23:01 +0000","<a href=""http://twitter.com"" rel=""nofollow"">Twitter Web Client</a>","More on blended learning http://t.co/kQ2v0v9bLR","","","","http://markaki-literature.blogspot.gr/2014/03/a-school-of-nature-and-colors.html"
"619237902850105344","","","2015-07-09 20:13:15 +0000","<a href=""http://www.hootsuite.com"" rel=""nofollow"">Hootsuite</a>","Blended learning http://t.co/TkHwR8NtIL","","","","http://ow.ly/PpgiZ"
"619228156214513664","","","2015-07-09 19:34:31 +0000","<a href=""http://twitter.com"" rel=""nofollow"">Twitter Web Client</a>","RT @SchoolsImprove: Yesterday’s poll: Are leading universities doing enough to boost access for disadvantaged students? http://t.co/YnrMQ4T…","619219239040327680","628251837","2015-07-09 18:59:05 +0000","http://twitter.com/SchoolsImprove/status/619219239040327680/photo/1,http://twitter.com/SchoolsImprove/status/619219239040327680/photo/1"
"618855970551279616","","","2015-07-08 18:55:35 +0000","<a href=""http://twitter.com"" rel=""nofollow"">Twitter Web Client</a>","Enjoy... https://t.co/E7cea2eckW","","","","https://www.youtube.com/watch?v=7sjSHazjrWg"
"618851182610677760","","","2015-07-08 18:36:34 +0000","<a href=""http://twitter.com"" rel=""nofollow"">Twitter Web Client</a>","'Do they (the ATMs) have any money?' The way we greet each other in Greece today.","","","",""
"618820440262356992","","","2015-07-08 16:34:24 +0000","<a href=""http://twitter.com"" rel=""nofollow"">Twitter Web Client</a>","RT @Philosophy_RR: Israel Proposes Philosophy for Elementary Students http://t.co/5Pr99AH5oM http://t.co/O0XVhQiFac","618691907682566145","2829011882","2015-07-08 08:03:40 +0000","http://rightrelevance.com/tw/philosophy_rr/22aea227df28af515c0c50ef36cfe0c6ef08e846/philosophy/philosophy,http://twitter.com/Philosophy_RR/status/618691907682566145/photo/1,http://rightrelevance.com/tw/philosophy_rr/22aea227df28af515c0c50ef36cfe0c6ef08e846/philosophy/philosophy,http://twitter.com/Philosophy_RR/status/618691907682566145/photo/1"
"618610419150790659","","","2015-07-08 02:39:51 +0000","<a href=""http://twitter.com"" rel=""nofollow"">Twitter Web Client</a>","RT @aitsl: MT @TeachForAU: Discover what it takes to be a great school leader with @aitsl - http://t.co/ELlY2EbftS #aussieed http://t.co/2l…","618600848306913280","325328148","2015-07-08 02:01:49 +0000","http://ow.ly/P7xjD,http://twitter.com/aitsl/status/618600848306913280/photo/1,http://ow.ly/P7xjD,http://twitter.com/aitsl/status/618600848306913280/photo/1"
"618515484334518272","","","2015-07-07 20:22:37 +0000","<a href=""http://twitter.com"" rel=""nofollow"">Twitter Web Client</a>","Any bells?  https://t.co/sBzTWkxBR2","","","","https://twitter.com/World_of_Moose/status/618411347181760512"
"618476040172736512","","","2015-07-07 17:45:53 +0000","<a href=""http://twitter.com"" rel=""nofollow"">Twitter Web Client</a>","5 top tips for turning around a school in special measures http://t.co/Xu3Fb00p5a","","","","http://disq.us/8nw5a7"
"618474959531307008","","","2015-07-07 17:41:35 +0000","<a href=""http://twitter.com"" rel=""nofollow"">Twitter Web Client</a>","RT @NickMalkoutzis: You're mixing your national stereotypes there, Mrs President. #Greece #euro https://t.co/lU4o8S5tYp","618453143274319873","279642533","2015-07-07 16:14:54 +0000","https://twitter.com/OpenEurope/status/618452432520146944,https://twitter.com/OpenEurope/status/618452432520146944"
"618458667164278784","","","2015-07-07 16:36:51 +0000","<a href=""http://twitter.com"" rel=""nofollow"">Twitter Web Client</a>","Very useful--especially for those interested in differentiation... https://t.co/VI7rVgViNr","","","","https://twitter.com/LearnBop/status/613775404160057344"
"618137353006264322","","","2015-07-06 19:20:04 +0000","<a href=""http://twitter.com"" rel=""nofollow"">Twitter Web Client</a>","Also enjoyed Felicity Deamer's talk on pragmatics of inner speech. Fascinating stuff &amp; links with my own work on implicature.","","","",""
"618136994611339264","","","2015-07-06 19:18:38 +0000","<a href=""http://twitter.com"" rel=""nofollow"">Twitter Web Client</a>","Interesting talk Alain Morin on inner speech &amp; self regulation. Inspired to think about relation btn IS and motivation in children.","","","",""
"618136610933211136","","","2015-07-06 19:17:07 +0000","<a href=""http://twitter.com"" rel=""nofollow"">Twitter Web Client</a>","Great time last wk thinking about inner speech at a conf in Granada w/ @keithfrankish @cfernyhough @sljwilkinson Russ Hurlburt &amp; Sharon Geva","","","",""
"618127846981111812","618045634231312385","3334696659","2015-07-06 18:42:17 +0000","<a href=""http://www.hootsuite.com"" rel=""nofollow"">Hootsuite</a>","@john_scel Thanks very much, John. It is great to hear from you. Things are not easy-we are considering coming back to the UK. How are you?","","","",""
"615494674212618241","","","2015-06-29 12:19:00 +0000","<a href=""http://twitter.com"" rel=""nofollow"">Twitter Web Client</a>","RT @PublishersWkly: The Most Popular Book Set in Each European Country &amp; Each U.S. State http://t.co/WHNgqb5Idh http://t.co/DehEI2dUDf","615179888748830720","19816859","2015-06-28 15:28:09 +0000","http://pw-ne.ws/f42ef,http://twitter.com/PublishersWkly/status/615179888748830720/photo/1,http://twitter.com/PublishersWkly/status/615179888748830720/photo/1,http://pw-ne.ws/f42ef,http://twitter.com/PublishersWkly/status/615179888748830720/photo/1,http://twitter.com/PublishersWkly/status/615179888748830720/photo/1"
"614863654098464769","","","2015-06-27 18:31:33 +0000","<a href=""http://twitter.com"" rel=""nofollow"">Twitter Web Client</a>","Seriously, @StathisPsillos you are amazing! You even managed to make @keithfrankish smile! https://t.co/D3tmnzGalR","","","","https://twitter.com/StathisPsillos/status/614861694863560704"
"614510815253786624","","","2015-06-26 19:09:30 +0000","<a href=""http://twitter.com"" rel=""nofollow"">Twitter Web Client</a>","RT @tonyfinnA: ICSEI 2016 Glasgow, January 6-9. Don't miss it. Submission of abstracts  now invited. Registration is also now open: http://…","613607083771039744","1287213548","2015-06-24 07:18:23 +0000","http://www.icsei.net/2016/,http://www.icsei.net/2016/"
"614507288020316160","","","2015-06-26 18:55:29 +0000","<a href=""http://www.hootsuite.com"" rel=""nofollow"">Hootsuite</a>","Michael Schratz - School leadership for equity &amp; learning in a rapidly changing world @  EPNoSL PLA Heraklion 2015 http://t.co/6GWb2YB3S1","","","","http://ow.ly/OQQnW"
"614480350526468097","","","2015-06-26 17:08:26 +0000","<a href=""http://twitter.com"" rel=""nofollow"">Twitter Web Client</a>","RT @brainpicker: Oscar Wilde's ""maxims for the instruction of the over-educated"" – witty wisdom at its sharpest http://t.co/WLxbDOtIMc http…","614470950428536832","9207632","2015-06-26 16:31:05 +0000","http://buff.ly/1eMcfMB,http://twitter.com/brainpicker/status/614470950428536832/photo/1,http://buff.ly/1eMcfMB,http://twitter.com/brainpicker/status/614470950428536832/photo/1"
"614480225666211840","","","2015-06-26 17:07:56 +0000","<a href=""http://twitter.com"" rel=""nofollow"">Twitter Web Client</a>","RT @Kari_Kivinen: Blended learning : IT should be employed to help students become empowered citizens rather than passive consumers! http:/…","614472093569286144","77735405","2015-06-26 16:35:38 +0000","http://www.washingtonpost.com/blogs/answer-sheet/wp/2015/06/21/blended-learning-the-great-new-thing-or-the-great-new-hype/?utm_content=buffer1b14a&utm_medium=social&utm_source=twitter.com&utm_campaign=buffer,http://www.washingtonpost.com/blogs/answer-sheet/wp/2015/06/21/blended-learning-the-great-new-thing-or-the-great-new-hype/?utm_content=buffer1b14a&utm_medium=social&utm_source=twitter.com&utm_campaign=buffer"
"614479846358544385","","","2015-06-26 17:06:26 +0000","<a href=""http://twitter.com"" rel=""nofollow"">Twitter Web Client</a>","RT @JasonElsom: So what's it all about.... http://t.co/NXtavvTnGP","613809741953941504","33552794","2015-06-24 20:43:41 +0000","http://twitter.com/JasonElsom/status/613809741953941504/photo/1,http://twitter.com/JasonElsom/status/613809741953941504/photo/1"
"614479635091427329","","","2015-06-26 17:05:36 +0000","<a href=""http://twitter.com"" rel=""nofollow"">Twitter Web Client</a>","RT @aitsl: Professional Growth = the ongoing process of learning &amp; development in your education career http://t.co/zCvVPSiDzb http://t.co/…","614299675886284800","325328148","2015-06-26 05:10:30 +0000","http://ow.ly/OOSss,http://twitter.com/aitsl/status/614299675886284800/photo/1,http://ow.ly/OOSss,http://twitter.com/aitsl/status/614299675886284800/photo/1"
"612960558669778944","","","2015-06-22 12:29:20 +0000","<a href=""http://twitter.com"" rel=""nofollow"">Twitter Web Client</a>","RT @KateChhatwal: .@Number10gov: ""More to be done to reward, recognise, train &amp; celebrate"" the work of school leaders. @FutureLeadersCT","612959185031024641","1528825526","2015-06-22 12:23:52 +0000",""
"612684977755570176","","","2015-06-21 18:14:16 +0000","<a href=""http://twitter.com"" rel=""nofollow"">Twitter Web Client</a>","RT @philosophybites: Today was the day on which J-P Sartre was thrown into existence in an absurd contingent world. Choose for yourself how…","612668269619728384","37238862","2015-06-21 17:07:52 +0000",""
"612684549894631424","","","2015-06-21 18:12:34 +0000","<a href=""http://twitter.com"" rel=""nofollow"">Twitter Web Client</a>","RT @ValaAfshar: We all are immigrants http://t.co/JN3cGEL502","612646360861540352","259725229","2015-06-21 15:40:49 +0000","http://twitter.com/ValaAfshar/status/560961840445140992/photo/1,http://twitter.com/ValaAfshar/status/560961840445140992/photo/1"
"612683638090670080","","","2015-06-21 18:08:57 +0000","<a href=""http://www.hootsuite.com"" rel=""nofollow"">Hootsuite</a>","Refugees &amp; crisis. In 2012 my 5th graders made a little film on these issues, which is even more relevant now. http://t.co/NLSLrzmTJq","","","","http://l.facebook.com/l.php?u=http://ow.ly/OAR6h&h=gAQF7NcZZ"
"612526945306300416","","","2015-06-21 07:46:18 +0000","<a href=""http://twitter.com"" rel=""nofollow"">Twitter Web Client</a>","What a gentle student and teacher video. By a super teacher. «Ο μικρός μου ο Μιχάλης…» (βίντεο) http://t.co/PJudOisSCj","","","","http://e-mesara.gr/index.php/2014-01-29-19-20-37/10828-2015-06-16-20-26-30"
"612509091534098432","","","2015-06-21 06:35:21 +0000","<a href=""http://twitter.com"" rel=""nofollow"">Twitter Web Client</a>","Europe is not a thing of the past. We are all still here! https://t.co/NzvyPZOuji","","","","https://twitter.com/K_Moessbauer/status/611445162930212864"
"612336665697353728","","","2015-06-20 19:10:12 +0000","<a href=""http://twitter.com"" rel=""nofollow"">Twitter Web Client</a>","RT @StathisPsillos: Neil Young and Bob Dylan - Helpless + Knockin' on Heaven's Door 1975
Dedicated to my country Greece  http://t.co/gAW3lO…","612332101157781504","3068008811","2015-06-20 18:52:04 +0000","http://youtu.be/2sDGTZRdQdw,http://youtu.be/2sDGTZRdQdw"
"612330337541210112","","","2015-06-20 18:45:03 +0000","<a href=""http://twitter.com"" rel=""nofollow"">Twitter Web Client</a>","RT @JasonElsom: How to write good! http://t.co/bD0GOVOmx4","611983858569998336","33552794","2015-06-19 19:48:16 +0000","http://twitter.com/JasonElsom/status/611983858569998336/photo/1,http://twitter.com/JasonElsom/status/611983858569998336/photo/1"
"612329690989228032","","","2015-06-20 18:42:29 +0000","<a href=""http://twitter.com"" rel=""nofollow"">Twitter Web Client</a>","RT @MrsRobboLTPA: 14 philosophical moves that help the facilitator ensure #progress in children's #thinking skills #p4c http://t.co/pldkZM6…","611841549928919040","2494294946","2015-06-19 10:22:47 +0000","http://twitter.com/MrsRobboLTPA/status/611841549928919040/photo/1,http://twitter.com/MrsRobboLTPA/status/611841549928919040/photo/1"
"612322679249600512","","","2015-06-20 18:14:37 +0000","<a href=""http://www.hootsuite.com"" rel=""nofollow"">Hootsuite</a>","Refugees &amp; crisis. In 2012 my 5th graders made a little film on these issues, which is even more relevant now YouTube http://t.co/qAIdKMpV2W","","","","http://ow.ly/OzFok"
"612255125898461184","","","2015-06-20 13:46:11 +0000","<a href=""http://twitter.com"" rel=""nofollow"">Twitter Web Client</a>","RT @GuardianEdu: Too many adults assume that if a child is struggling there’s something wrong.  http://t.co/eGhvmaqrb9 &lt; do we label kids t…","612242513320017920","24907913","2015-06-20 12:56:04 +0000","http://gu.com/p/4avak/stw,http://gu.com/p/4avak/stw"
"612251316602171392","","","2015-06-20 13:31:03 +0000","<a href=""http://twitter.com"" rel=""nofollow"">Twitter Web Client</a>","RT @Futiledemocracy: Nathan Lean, the New Illiberals, &amp; the desperate protection of a failed narrative. https://t.co/6qYeuXKi5y http://t.co…","610837749680050177","22154826","2015-06-16 15:54:02 +0000","https://futiledemocracy.wordpress.com/2015/06/16/nathan-lean-the-new-illiberals-the-desperate-protection-of-a-failed-narrative,http://twitter.com/Futiledemocracy/status/610837749680050177/photo/1,https://futiledemocracy.wordpress.com/2015/06/16/nathan-lean-the-new-illiberals-the-desperate-protection-of-a-failed-narrative,http://twitter.com/Futiledemocracy/status/610837749680050177/photo/1"
"612202759136378880","","","2015-06-20 10:18:06 +0000","<a href=""http://www.hootsuite.com"" rel=""nofollow"">Hootsuite</a>","Art, philosophy, perception ... http://t.co/kMGxvlBVc0","","","","http://ow.ly/Oz4sr"
"611592562197966849","","","2015-06-18 17:53:24 +0000","<a href=""http://twitter.com"" rel=""nofollow"">Twitter Web Client</a>","http://t.co/IQjzhwFgbl","","","","http://educatorinnovator.org/project-ed-summer-reading-challenge/"
"610473315086544897","610470741612568577","103135865","2015-06-15 15:45:55 +0000","<a href=""http://twitter.com"" rel=""nofollow"">Twitter Web Client</a>","@MooseAllain and Happy Birthday!","","","",""
"610470741612568577","610462925875216385","23993642","2015-06-15 15:35:41 +0000","<a href=""http://twitter.com"" rel=""nofollow"">Twitter Web Client</a>","@MooseAllain ha ha! Was it that good? If so, you're capable of making your future good too, my friend. Ready, steady, go...","","","",""
"610299693659234304","","","2015-06-15 04:16:00 +0000","<a href=""http://www.hootsuite.com"" rel=""nofollow"">Hootsuite</a>","Reteach and Enrich: How to Make Time for Every Student http://t.co/Jl6DNw8nGI","","","","http://ow.ly/OjoC0"
"610016565409513472","","","2015-06-14 09:30:57 +0000","<a href=""http://twitter.com"" rel=""nofollow"">Twitter Web Client</a>","RT @aladytweetcher: Scottish schools 'have no black or Asian heads' - http://t.co/Gy2riPeCsR. ...And there are no female senior managers in…","609991388546076672","387581667","2015-06-14 07:50:54 +0000","http://www.bbc.co.uk/news/uk-scotland-33122160,http://www.bbc.co.uk/news/uk-scotland-33122160"
"609991650430033920","","","2015-06-14 07:51:57 +0000","<a href=""http://www.hootsuite.com"" rel=""nofollow"">Hootsuite</a>","A fellow teacher's summer guidelines http://t.co/fCMk9vs2Pe","","","","http://www.huffingtonpost.com/2015/06/12/italian-teacher-summer-assignment_n_7570680.html?ncid=fcbklnkushpmg00000023"
"609975127632179201","","","2015-06-14 06:46:17 +0000","<a href=""http://www.hootsuite.com"" rel=""nofollow"">Hootsuite</a>","Learning through discovery. https://t.co/zBcH42dxJL","","","","https://gregashman.wordpress.com/2015/06/13/teaching-for-understanding/"
"609768409862156288","","","2015-06-13 17:04:52 +0000","<a href=""http://twitter.com"" rel=""nofollow"">Twitter Web Client</a>","RT @EnablePublish: While your kids build tree forts this #summer, teach them to build better arguments! http://t.co/K3T3Y3hLmD #kidslit #cr…","609766044052398080","235198532","2015-06-13 16:55:28 +0000","http://ow.ly/NPm7a,http://ow.ly/NPm7a"
"609764966636351488","","","2015-06-13 16:51:11 +0000","<a href=""http://twitter.com"" rel=""nofollow"">Twitter Web Client</a>","RT @wef: How to teach students to think critically http://t.co/ZWOzrib1Pb #education http://t.co/5KQQrbbGwt","607742114638798850","5120691","2015-06-08 02:53:06 +0000","http://wef.ch/1I4hr7T,http://twitter.com/wef/status/607742114638798850/photo/1,http://wef.ch/1I4hr7T,http://twitter.com/wef/status/607742114638798850/photo/1"
"609730275724140544","","","2015-06-13 14:33:20 +0000","<a href=""http://www.hootsuite.com"" rel=""nofollow"">Hootsuite</a>","https://t.co/5Ovyoe88AM","","","","https://www.ted.com/talks/lee_mokobe_a_powerful_poem_about_what_it_feels_like_to_be_transgender"
"609709306829754368","","","2015-06-13 13:10:01 +0000","<a href=""http://twitter.com"" rel=""nofollow"">Twitter Web Client</a>","RT @the_mcquade: Othello: the role that entices and enrages actors of all skin colours http://t.co/auCNxPG4oa","609707278674063360","280459733","2015-06-13 13:01:57 +0000","http://gu.com/p/49j67,http://gu.com/p/49j67"
"609702829587083265","609691169606475776","147637306","2015-06-13 12:44:16 +0000","<a href=""http://twitter.com"" rel=""nofollow"">Twitter Web Client</a>","@anitaleirfall what about changes of mind? 'I think therefore I change my mind.'","","","",""
"609701375476371457","","","2015-06-13 12:38:30 +0000","<a href=""http://twitter.com"" rel=""nofollow"">Twitter Web Client</a>","RT @LearnBop: Read this teach don't preach article from #educationweek:
http://t.co/jpKQDoSaZs http://t.co/DWhNTtsv8e","609661496960909312","70674403","2015-06-13 10:00:02 +0000","http://hubs.ly/y0SPXy0,http://twitter.com/LearnBop/status/609661496960909312/photo/1,http://hubs.ly/y0SPXy0,http://twitter.com/LearnBop/status/609661496960909312/photo/1"
"609665698311335936","609663742410944512","156392263","2015-06-13 10:16:44 +0000","<a href=""http://twitter.com"" rel=""nofollow"">Twitter Web Client</a>","@MelKirkwood @MaryMyatt @ASTsupportAAli great means to achieve cooperation.","","","",""
"609454507098042368","","","2015-06-12 20:17:32 +0000","<a href=""http://twitter.com"" rel=""nofollow"">Twitter Web Client</a>","How the Arts Can Help Struggling Learners http://t.co/jzGpr2D1hQ","","","","http://www.pbs.org/parents/education/music-arts/how-the-arts-can-help-struggling-learners/#.VXs-WLQBANQ.twitter"
"609454042935336961","","","2015-06-12 20:15:41 +0000","<a href=""http://twitter.com"" rel=""nofollow"">Twitter Web Client</a>","The Importance of Art in Child Development http://t.co/19bs2ztJ5U","","","","http://www.pbs.org/parents/education/music-arts/the-importance-of-art-in-child-development/#.VXs95NQwR34.twitter"
"609073681780862976","","","2015-06-11 19:04:16 +0000","<a href=""http://twitter.com"" rel=""nofollow"">Twitter Web Client</a>","11 Ways Finland's Education System Shows Us that ""Less is More"".: http://t.co/RmkvKh0hKS via @kellyj1111","","","","http://wp.me/p3c8c4-hA"
"609068055503736832","","","2015-06-11 18:41:55 +0000","<a href=""http://twitter.com"" rel=""nofollow"">Twitter Web Client</a>","http://t.co/jqtPvr5adC","","","","http://dailynous.com/2015/05/20/bringing-philosophy-to-elementary-school/"
"609043052552806402","","","2015-06-11 17:02:33 +0000","<a href=""http://twitter.com"" rel=""nofollow"">Twitter Web Client</a>","RT @UnitedHumans: YOU make the difference with #MutualRespect http://t.co/aZZDdrNPtL","609039213284192258","966842196","2015-06-11 16:47:18 +0000","http://twitter.com/UnitedHumans/status/609039213284192258/photo/1,http://twitter.com/UnitedHumans/status/609039213284192258/photo/1"
"608933809682284544","","","2015-06-11 09:48:28 +0000","<a href=""http://twitter.com"" rel=""nofollow"">Twitter Web Client</a>","Perhaps this is what kids feel too... https://t.co/w9zbvHGKcM","","","","https://twitter.com/MooseAllain/status/608932150344298496"
"608835638998220801","608741698441768960","1257709748","2015-06-11 03:18:22 +0000","<a href=""http://twitter.com"" rel=""nofollow"">Twitter Web Client</a>","@johnrdg12 Me too.","","","",""
"608713732114534400","","","2015-06-10 19:13:57 +0000","<a href=""http://www.hootsuite.com"" rel=""nofollow"">Hootsuite</a>","What do you think? http://t.co/HF5KK4Dsp1","","","","http://ow.ly/O95b4"
"608711988596908033","","","2015-06-10 19:07:02 +0000","<a href=""http://www.hootsuite.com"" rel=""nofollow"">Hootsuite</a>","Emotional? http://t.co/jT3jHnRlxP","","","","http://ow.ly/O94ee"
"608635453097537536","","","2015-06-10 14:02:54 +0000","<a href=""http://twitter.com"" rel=""nofollow"">Twitter Web Client</a>","RT @UnitedHumans: YOU make the difference with #MutualRespect http://t.co/r5uwke7AP0","608624044062183424","966842196","2015-06-10 13:17:34 +0000","http://twitter.com/UnitedHumans/status/608624044062183424/photo/1,http://twitter.com/UnitedHumans/status/608624044062183424/photo/1"
"608469037081849856","","","2015-06-10 03:01:37 +0000","<a href=""http://www.hootsuite.com"" rel=""nofollow"">Hootsuite</a>","I wish I could speak more languages like this guy. http://t.co/yIHs7DwkGB","","","","http://ow.ly/O6DMU"
"608344561707057153","","","2015-06-09 18:47:00 +0000","<a href=""http://www.hootsuite.com"" rel=""nofollow"">Hootsuite</a>","She makes me proud to be human. http://t.co/NrhbqobEDo","","","","http://ow.ly/O5NYz"
"608257114637762561","","","2015-06-09 12:59:31 +0000","<a href=""http://www.hootsuite.com"" rel=""nofollow"">Hootsuite</a>","No child is too young for music? Enjoy! http://t.co/AlHjqsdDip","","","","http://ow.ly/O4nkr"
"608123486511448065","","","2015-06-09 04:08:32 +0000","<a href=""http://twitter.com"" rel=""nofollow"">Twitter Web Client</a>","RT @philosophytweet: “What we achieve inwardly will change outer reality.”
     Plutarch","608045802271817728","20687263","2015-06-08 22:59:50 +0000",""
"608121985751760896","","","2015-06-09 04:02:34 +0000","<a href=""http://twitter.com"" rel=""nofollow"">Twitter Web Client</a>","RT @lisabortolotti: Why study philosophy? http://t.co/V0sNG0xk5P","608113764005773312","212681975","2015-06-09 03:29:54 +0000","http://www.birmingham.ac.uk/schools/ptr/departments/philosophy/news/2015/curious.aspx,http://www.birmingham.ac.uk/schools/ptr/departments/philosophy/news/2015/curious.aspx"
"608116181917138944","","","2015-06-09 03:39:30 +0000","<a href=""http://twitter.com"" rel=""nofollow"">Twitter Web Client</a>","http://t.co/xPXnDB9oF0","","","","http://thelearningcurve.pearson.com/index/index-heat-map"
"607980990464720896","","","2015-06-08 18:42:18 +0000","<a href=""http://twitter.com"" rel=""nofollow"">Twitter Web Client</a>","RT @ChrisWeissCT: ""What causes creativity?""

#edchat #leadership #tlchat #creativity #innovation #entrepreneur #edtech #artsed #startup htt…","607746884657102850","1957767356","2015-06-08 03:12:03 +0000","http://twitter.com/ChrisWeissCT/status/607746884657102850/photo/1,http://twitter.com/ChrisWeissCT/status/607746884657102850/photo/1"
"607949885187477506","","","2015-06-08 16:38:42 +0000","<a href=""http://twitter.com"" rel=""nofollow"">Twitter Web Client</a>","RT @JanaMohrLone: Doing philosophy helps students to ask questions about any subject","607941028281262081","239641070","2015-06-08 16:03:30 +0000",""
"607949566604931072","","","2015-06-08 16:37:26 +0000","<a href=""http://twitter.com"" rel=""nofollow"">Twitter Web Client</a>","RT @brainpicker: Why we ignore the obvious at our peril – the strange psychology of our willful blindness http://t.co/0riL9gftIN http://t.c…","607947451656491009","9207632","2015-06-08 16:29:02 +0000","http://buff.ly/1AXwWyX,http://twitter.com/brainpicker/status/607947451656491009/photo/1,http://buff.ly/1AXwWyX,http://twitter.com/brainpicker/status/607947451656491009/photo/1"
"607949492231487489","","","2015-06-08 16:37:08 +0000","<a href=""http://twitter.com"" rel=""nofollow"">Twitter Web Client</a>","RT @ConwayHall: Looking forward to @PeterSinger in conversation with @philosophybites this eve @ConwayHall http://t.co/oaYDINVwRa http://t.…","607942455846006784","187898937","2015-06-08 16:09:11 +0000","http://conwayhall.org.uk/event/how-to-be-an-effective-altruist/,http://twitter.com/ConwayHall/status/607942455846006784/photo/1,http://conwayhall.org.uk/event/how-to-be-an-effective-altruist/,http://twitter.com/ConwayHall/status/607942455846006784/photo/1"
"607902223230730240","","","2015-06-08 13:29:18 +0000","<a href=""http://twitter.com"" rel=""nofollow"">Twitter Web Client</a>","RT @ConwayHall: We’re using #MostGoodUCanDo for the @PeterSinger @philosophybites @givingwhatwecan event tonight. We have free wifi. http:/…","607888708998561792","187898937","2015-06-08 12:35:36 +0000","http://twitter.com/ConwayHall/status/607888708998561792/photo/1,http://twitter.com/ConwayHall/status/607888708998561792/photo/1"
"607886795309744128","","","2015-06-08 12:28:00 +0000","<a href=""http://twitter.com"" rel=""nofollow"">Twitter Web Client</a>","http://t.co/VcLiTGAlav","","","","http://www.edutopia.org/blog/benefits-mistakes-classroom-alina-tugend"
"607886344849899520","","","2015-06-08 12:26:13 +0000","<a href=""http://twitter.com"" rel=""nofollow"">Twitter Web Client</a>","RT @openculture: The History of Philosophy (600 B.C.E. to 1935) Visualized in 2 Massive, 44-Foot High Diagrams http://t.co/46jaLagvHT http:…","607630869801476096","19826509","2015-06-07 19:31:03 +0000","http://goo.gl/aXo25A,http://twitter.com/openculture/status/607630869801476096/photo/1,http://goo.gl/aXo25A,http://twitter.com/openculture/status/607630869801476096/photo/1"
"607488324245286912","","","2015-06-07 10:04:37 +0000","<a href=""http://twitter.com"" rel=""nofollow"">Twitter Web Client</a>","RT @StathisPsillos: We owe our modern conception of laws of nature to Descartes. Why did he need them? I claim: because he did away with po…","607487466166173696","3068008811","2015-06-07 10:01:13 +0000",""
"607166823004565506","","","2015-06-06 12:47:05 +0000","<a href=""http://twitter.com"" rel=""nofollow"">Twitter Web Client</a>","RT @goodnewsfinland: #Education is as much about knowledge as it is about confidence, #happiness and a thirst for #learning http://t.co/A4o…","607070717029543936","89450951","2015-06-06 06:25:12 +0000","http://ow.ly/NU47e,http://ow.ly/NU47e"
"607160546459283456","","","2015-06-06 12:22:09 +0000","<a href=""http://twitter.com"" rel=""nofollow"">Twitter Web Client</a>","RT @philosophybites: 'diverting money from healthcare to mysticism is extremely dangerous' http://t.co/VGzrxQe4r2","607083157930840064","37238862","2015-06-06 07:14:38 +0000","http://blogs.spectator.co.uk/spectator-surgery/2015/06/labour-is-up-to-its-neck-in-the-black-spider-memo-scandal-when-it-comes-to-homeopathy/,http://blogs.spectator.co.uk/spectator-surgery/2015/06/labour-is-up-to-its-neck-in-the-black-spider-memo-scandal-when-it-comes-to-homeopathy/"
"607160461746946048","","","2015-06-06 12:21:49 +0000","<a href=""http://twitter.com"" rel=""nofollow"">Twitter Web Client</a>","RT @CEOScel: Mental toughness session today with #scelfp #ahds - focus on resilience","607089001640677376","189654610","2015-06-06 07:37:51 +0000",""
"607042403091005440","","","2015-06-06 04:32:41 +0000","<a href=""http://twitter.com"" rel=""nofollow"">Twitter Web Client</a>","RT @SLTchat: Rural life isn't all sliding down hills in baths. How to support leaders in rural schools?VOTE http://t.co/eiJsJwAtVr http://t…","606949902120124416","282504743","2015-06-05 22:25:07 +0000","http://poll.fm/5b2ta,http://twitter.com/SLTchat/status/606949902120124416/photo/1,http://poll.fm/5b2ta,http://twitter.com/SLTchat/status/606949902120124416/photo/1"
"606895991573213184","","","2015-06-05 18:50:54 +0000","<a href=""http://twitter.com"" rel=""nofollow"">Twitter Web Client</a>","Why change the education system that has been ranked as top quality? http://t.co/VdPrFqpuPq via @wordpressdotcom","","","","http://wp.me/p2lnPw-6h"
"606796670576259072","","","2015-06-05 12:16:14 +0000","<a href=""http://twitter.com"" rel=""nofollow"">Twitter Web Client</a>","RT @DrJohnLTaylor: Would you support the introduction of Philosophy GCSE? Please fill in this short survey. https://t.co/AS0Yr92iTO","567368226678784000","92386305","2015-02-16 17:01:41 +0000","https://www.surveymonkey.com/s/Q769C3Z,https://www.surveymonkey.com/s/Q769C3Z"
"606772389763018752","","","2015-06-05 10:39:45 +0000","<a href=""http://twitter.com"" rel=""nofollow"">Twitter Web Client</a>","RT @keithfrankish: Rejecting Evolutionary Psychology is Rejecting Evolution | Psychology Today http://t.co/7XdLmGlCcc","606606402262605824","52522040","2015-06-04 23:40:11 +0000","http://ow.ly/NTDpY,http://ow.ly/NTDpY"
"606769493944213504","","","2015-06-05 10:28:15 +0000","<a href=""http://twitter.com"" rel=""nofollow"">Twitter Web Client</a>","RT @philosophybites: How important is wonder in our experience of art? Jesse Prinz on the Philosophy Bites podcast http://t.co/37l3pfeWkq","606762472964562945","37238862","2015-06-05 10:00:21 +0000","http://philosophybites.com/2015/05/jesse-prinz-on-art-and-emotion.html,http://philosophybites.com/2015/05/jesse-prinz-on-art-and-emotion.html"
"606675180107272192","","","2015-06-05 04:13:29 +0000","<a href=""http://www.hootsuite.com"" rel=""nofollow"">Hootsuite</a>","Dan Dennett: The illusion of consciousness | Talk Video | http://t.co/5MRmYtX9QI http://t.co/nbwfkhSmaB","","","","http://TED.com,http://ow.ly/NTWXQ"
"606525591072980992","","","2015-06-04 18:19:04 +0000","<a href=""http://twitter.com"" rel=""nofollow"">Twitter Web Client</a>","RT @GuardianEdu: Women's college Barnard updates policy to admit transgender women http://t.co/B0oqcR9Nam","606509990220824576","24907913","2015-06-04 17:17:04 +0000","http://gu.com/p/49g4p,http://gu.com/p/49g4p"
"606516017465032704","","","2015-06-04 17:41:01 +0000","<a href=""http://www.hootsuite.com"" rel=""nofollow"">Hootsuite</a>","Last Oxford vote on admitting female students - BBC News http://t.co/N3b8693pvk","","","","http://ow.ly/NSHY3"
"606506468947460096","","","2015-06-04 17:03:05 +0000","<a href=""http://twitter.com"" rel=""nofollow"">Twitter Web Client</a>","http://t.co/ACvKQHGl4U","","","","http://www.bbc.co.uk/programmes/articles/3vVjcY47k2p5Wsnj3ZFHV5W/a-history-of-ideas"
"606504060955598848","","","2015-06-04 16:53:31 +0000","<a href=""http://twitter.com"" rel=""nofollow"">Twitter Web Client</a>","RT @philosophyfound: Pete is giving a workshop on this @EducationFest on June 19 https://t.co/bmvljpBtTU","606495287000100864","22465973","2015-06-04 16:18:39 +0000","https://twitter.com/InnovateMySchl/status/606463154042904576,https://twitter.com/InnovateMySchl/status/606463154042904576"
"606486501396905984","","","2015-06-04 15:43:44 +0000","<a href=""http://twitter.com"" rel=""nofollow"">Twitter Web Client</a>","RT @philosophybites: Proof that Sartre and de Beauvoir were wrong about human nature http://t.co/oHfQqUzdxO","606484073347981312","37238862","2015-06-04 15:34:05 +0000","http://twitter.com/philosophybites/status/606484073347981312/photo/1,http://twitter.com/philosophybites/status/606484073347981312/photo/1"
"606428002642235392","","","2015-06-04 11:51:17 +0000","<a href=""http://twitter.com"" rel=""nofollow"">Twitter Web Client</a>","RT @GTCS_Tom: Carey says give students time and space for learning in schools, not just practising their teaching: school experience not te…","606402187049201664","57292117","2015-06-04 10:08:42 +0000",""
"606427626807394304","","","2015-06-04 11:49:47 +0000","<a href=""http://twitter.com"" rel=""nofollow"">Twitter Web Client</a>","RT @NickMalkoutzis: Don't know where,don't know when, but I know we'll meet again, some sunny day #Tsipras #Juncker https://t.co/0WOYhsoOrC","606404935077392384","279642533","2015-06-04 10:19:37 +0000","https://twitter.com/Suanzes/status/606404536446689280,https://twitter.com/Suanzes/status/606404536446689280"
"606427393742536704","","","2015-06-04 11:48:52 +0000","<a href=""http://twitter.com"" rel=""nofollow"">Twitter Web Client</a>","RT @learningjay: Michael Green ""Classrooms should be places of professional learning as well as pupil learning"". #TEAN","606406978571759616","245410346","2015-06-04 10:27:44 +0000",""
"606426681021235201","","","2015-06-04 11:46:02 +0000","<a href=""http://twitter.com"" rel=""nofollow"">Twitter Web Client</a>","RT @learningjay: Schools as leaders of ITE student development and Mentors as facilitators of critical enquiry, not telling students what t…","606410801239498752","245410346","2015-06-04 10:42:56 +0000",""
"606425667979345920","","","2015-06-04 11:42:00 +0000","<a href=""http://twitter.com"" rel=""nofollow"">Twitter Web Client</a>","Honesty and self-criticism!  https://t.co/4eqj9rCRp5","","","","https://twitter.com/GTCS_Tom/status/606416559767027712"
"606319453895323649","","","2015-06-04 04:39:57 +0000","<a href=""http://twitter.com"" rel=""nofollow"">Twitter Web Client</a>","RT @Emp_Exp_Philos: Blackburn on misunderstandings of Hume on practical reason - the role of emotion and reason in producing actions. http:…","536325836006502400","2789335365","2014-11-23 01:10:18 +0000","http://www.sas.ac.uk/videos-and-podcasts/philosophy/hume-s-legacy-misunderstanding-hume-case-practical-reason,http://www.sas.ac.uk/videos-and-podcasts/philosophy/hume-s-legacy-misunderstanding-hume-case-practical-reason"
"606153126949855232","","","2015-06-03 17:39:01 +0000","<a href=""http://twitter.com"" rel=""nofollow"">Twitter Web Client</a>","RT @keithfrankish: Some perfectly healthy people can't remember their own lives http://t.co/bPxSleUmbg","606150348982616064","52522040","2015-06-03 17:27:59 +0000","http://ow.ly/NPI6Q,http://ow.ly/NPI6Q"
"606152915171049472","","","2015-06-03 17:38:11 +0000","<a href=""http://twitter.com"" rel=""nofollow"">Twitter Web Client</a>","RT @InformedScot: Happy 50th Birthday @gtcs - a quiet, steady trailblazer that still leads the way &amp; sets standards for others across the w…","605776115613863938","1291150014","2015-06-02 16:40:55 +0000",""
"606143798830354432","","","2015-06-03 17:01:57 +0000","<a href=""http://twitter.com"" rel=""nofollow"">Twitter Web Client</a>","RT @robfmac: #growthmindset 
To Download
http://t.co/ZOVphz6FRR (word)
http://t.co/Dtt2N4YRvd (pdf)
http://t.co/ZIgWzIvb2E (pages) http://t…","605846483842134018","20681827","2015-06-02 21:20:32 +0000","http://tinyurl.com/o2ocag6,http://tinyurl.com/nmh862g,http://tinyurl.com/pb9vvkv,http://twitter.com/robfmac/status/605130733141815296/photo/1,http://tinyurl.com/o2ocag6,http://tinyurl.com/nmh862g,http://tinyurl.com/pb9vvkv,http://twitter.com/robfmac/status/605130733141815296/photo/1"
"606143032270929920","606141608329940992","245410346","2015-06-03 16:58:55 +0000","<a href=""http://twitter.com"" rel=""nofollow"">Twitter Web Client</a>","@learningjay Great! Thank you. More later then...","","","",""
"606141291387359233","606140693644517376","245410346","2015-06-03 16:52:00 +0000","<a href=""http://twitter.com"" rel=""nofollow"">Twitter Web Client</a>","@learningjay Where can I find your presentation, please?","","","",""
"606140399225335808","606129017373229056","245410346","2015-06-03 16:48:27 +0000","<a href=""http://twitter.com"" rel=""nofollow"">Twitter Web Client</a>","@learningjay Wow! Thank you v. much. I'm very touched &amp; honoured. It is v. important to get our TEETH into ed issues.","","","",""
"606135219729612800","","","2015-06-03 16:27:52 +0000","<a href=""http://twitter.com"" rel=""nofollow"">Twitter Web Client</a>","RT @learningjay: @macsharon @GlasgowUniHWB had a fantastic time talking all things Emotional/Social/mental health at Glasgow Uni today #PGD…","606130898044637184","245410346","2015-06-03 16:10:42 +0000",""
"606129299184349184","","","2015-06-03 16:04:20 +0000","<a href=""http://twitter.com"" rel=""nofollow"">Twitter Web Client</a>","RT @educationgovuk: VIDEO: Nicky Morgan talks about new Education and Adoption Bill: http://t.co/tjszjfyXrH","606039092091097088","143039548","2015-06-03 10:05:53 +0000","http://twitter.com/educationgovuk/status/606039092091097088/video/1,http://twitter.com/educationgovuk/status/606039092091097088/video/1"
"606090659011948544","","","2015-06-03 13:30:48 +0000","<a href=""http://twitter.com"" rel=""nofollow"">Twitter Web Client</a>","RT @philosophybites: Do the British stereotype French thinkers? http://t.co/tQefWKTaO3","606088719716777985","37238862","2015-06-03 13:23:06 +0000","http://standpointmag.co.uk/node/6067/full,http://standpointmag.co.uk/node/6067/full"
"606084152203603969","","","2015-06-03 13:04:57 +0000","<a href=""http://twitter.com"" rel=""nofollow"">Twitter Web Client</a>","RT @learningjay: Brian now highlighting the role of teachers in relation to Bullying. This guy is talking the utterest sense. http://t.co/h…","606030966344282112","245410346","2015-06-03 09:33:36 +0000","http://twitter.com/learningjay/status/606030966344282112/photo/1,http://twitter.com/learningjay/status/606030966344282112/photo/1"
"606082786529800193","606029158817402880","245410346","2015-06-03 12:59:31 +0000","<a href=""http://twitter.com"" rel=""nofollow"">Twitter Web Client</a>","@learningjay Super. They'll enjoy working together on any project --they are similar: teeth, similar colours... We should include John too.","","","",""
"606079907450494976","","","2015-06-03 12:48:05 +0000","<a href=""http://twitter.com"" rel=""nofollow"">Twitter Web Client</a>","RT @GuardianTeach: ""A quick guide to the 2015 headteacher standards"" http://t.co/PztB1S2bU6 &lt;&lt; Handy synopsis for teachers","606050348944498688","221702605","2015-06-03 10:50:37 +0000","http://gu.com/p/49cgm/stw,http://gu.com/p/49cgm/stw"
"605993264580198401","605973983025078272","245410346","2015-06-03 07:03:47 +0000","<a href=""http://twitter.com"" rel=""nofollow"">Twitter Web Client</a>","@learningjay Pipi says 'hello!'. He is working on a Paper on the ethics of speciesism &amp; classroom inclusion. The boy is a leader.","","","",""
"605949297415221249","605817364580409344","245410346","2015-06-03 04:09:05 +0000","<a href=""http://twitter.com"" rel=""nofollow"">Twitter Web Client</a>","@learningjay Have fun with your talk today. It'll be great. I look forward to hearing more about it.","","","",""
"605812086984155137","605462079903023105","245410346","2015-06-02 19:03:51 +0000","<a href=""http://twitter.com"" rel=""nofollow"">Twitter Web Client</a>","@learningjay Enjoy: https://t.co/whAGq0roG3","","","","https://www.ted.com/talks/jane_goodall_on_what_separates_us_from_the_apes?language=en"
"605809527452090369","605462079903023105","245410346","2015-06-02 18:53:41 +0000","<a href=""http://twitter.com"" rel=""nofollow"">Twitter Web Client</a>","@learningjay  Haha! We can use your pictures to discuss certain aspects of the psychology of emotions.""","","","",""
"605796922121555968","","","2015-06-02 18:03:36 +0000","<a href=""http://twitter.com"" rel=""nofollow"">Twitter Web Client</a>","RT @Kari_Kivinen: THE CRITICAL QUESTIONS TEACHERS SHOULD ASK PRINCIPALS IN JOB INTERVIEWS!

 http://t.co/eKGNE0MbTV","605114759315394561","77735405","2015-05-31 20:52:55 +0000","http://www.brilliant-insane.com/2015/05/6-critical-questions-teachers-should-ask-principals-in-job-interviews.html?utm_content=buffer4387c&utm_medium=social&utm_source=twitter.com&utm_campaign=buffer,http://www.brilliant-insane.com/2015/05/6-critical-questions-teachers-should-ask-principals-in-job-interviews.html?utm_content=buffer4387c&utm_medium=social&utm_source=twitter.com&utm_campaign=buffer"
"605765748133228545","","","2015-06-02 15:59:43 +0000","<a href=""http://twitter.com"" rel=""nofollow"">Twitter Web Client</a>","RT @danieldennett: The least religious generation? @SDSU researchers think so. http://t.co/Dc0uKI427Z via @SDSU @EurekAlertAAAS   Just what…","605725336140181504","997629601","2015-06-02 13:19:08 +0000","http://eurekalert.org/e/6dc5,http://eurekalert.org/e/6dc5"
"605763325910081537","","","2015-06-02 15:50:06 +0000","<a href=""http://twitter.com"" rel=""nofollow"">Twitter Web Client</a>","RT @GuardianTeach: Looking for interesting school stories from teachers – want to write for us? Email sarah.marsh@theguardian.com","605745555101364224","221702605","2015-06-02 14:39:29 +0000",""
"605763079125671936","","","2015-06-02 15:49:07 +0000","<a href=""http://twitter.com"" rel=""nofollow"">Twitter Web Client</a>","RT @David_S_Wilson: The Adapted Mind of an Evolutionary Psychologist: A Conversation with Debra Lieberman: https://t.co/pUkyzXR4dX","605746968569233408","370879693","2015-06-02 14:45:06 +0000","https://evolution-institute.org/article/the-adapted-mind-of-an-evolutionary-psychologist-a-conversation-with-debra-lieberman/?source=tvol,https://evolution-institute.org/article/the-adapted-mind-of-an-evolutionary-psychologist-a-conversation-with-debra-lieberman/?source=tvol"
"605759859330420736","","","2015-06-02 15:36:19 +0000","<a href=""http://twitter.com"" rel=""nofollow"">Twitter Web Client</a>","RT @tonyfinnA: Congrats to the General Teaching Council for Scotland on reaching its 50th anniversary today. @gtcs @GTCSKen","605751787400888320","1287213548","2015-06-02 15:04:15 +0000",""
"605759680590184448","","","2015-06-02 15:35:36 +0000","<a href=""http://twitter.com"" rel=""nofollow"">Twitter Web Client</a>","Very much needed.  https://t.co/LWPyKISN2x","","","","https://twitter.com/StathisPsillos/status/605756414863261696"
"605734227028647936","","","2015-06-02 13:54:28 +0000","<a href=""http://twitter.com"" rel=""nofollow"">Twitter Web Client</a>","How to be an Effective Altruist http://t.co/eMZ2TntFdG via @conwayhall","","","","http://conwayhall.org.uk/event/how-to-be-an-effective-altruist/"
"605728652123336704","","","2015-06-02 13:32:19 +0000","<a href=""http://twitter.com"" rel=""nofollow"">Twitter Web Client</a>","From Blake to Jessie: a 7-year-old's transgender story http://t.co/PuqE7kUz2Y","","","","http://gu.com/p/47zjf/stw"
"605659207422078976","","","2015-06-02 08:56:22 +0000","<a href=""http://twitter.com"" rel=""nofollow"">Twitter Web Client</a>","Thorough, balanced, and cogent https://t.co/OcWhMyfOZA","","","","https://twitter.com/Kari_Kivinen/status/605484945411350528"
"605593401304727552","605462079903023105","245410346","2015-06-02 04:34:52 +0000","<a href=""http://www.hootsuite.com"" rel=""nofollow"">Hootsuite</a>","@learningjay A bit emotional but hey... http://t.co/IxxlHxTGuo","","","","http://ow.ly/NKvzC"
"605591621195939840","605462079903023105","245410346","2015-06-02 04:27:48 +0000","<a href=""http://twitter.com"" rel=""nofollow"">Twitter Web Client</a>","@learningjay Haha! You can use your pictures to discuss certain aspects of psychology of emotions.","","","",""
"605451082446323714","","","2015-06-01 19:09:21 +0000","<a href=""http://twitter.com"" rel=""nofollow"">Twitter Web Client</a>","RT @microphilosophy: Scepticism is to be lived with, not overcome. The ice on which intellect skates is thin but it keeps us from drowning …","605385554449076225","21592033","2015-06-01 14:48:58 +0000","http://www.ft.com/cms/s/0/754432fa-f362-11e4-8141-00144feab7de.html?siteedition=uk,http://www.ft.com/cms/s/0/754432fa-f362-11e4-8141-00144feab7de.html?siteedition=uk"
"605450333482045441","","","2015-06-01 19:06:22 +0000","<a href=""http://twitter.com"" rel=""nofollow"">Twitter Web Client</a>","RT @ForumPhilosophy: On Free Speech | A panel discussion with Appignanesi, Langton, Law, McDonald | Tomorrow @ 6.30pm LSE. Details: http://…","605440211926032384","3246996364","2015-06-01 18:26:09 +0000","http://ow.ly/NJnKA,http://ow.ly/NJnKA"
"605432543542976512","","","2015-06-01 17:55:41 +0000","<a href=""http://twitter.com"" rel=""nofollow"">Twitter Web Client</a>","What do people think? https://t.co/KAsEEH3XpF","","","","https://twitter.com/GuardianEdu/status/605397310181396480"
"605431327920410624","","","2015-06-01 17:50:51 +0000","<a href=""http://twitter.com"" rel=""nofollow"">Twitter Web Client</a>","RT @anitaleirfall: The secrets to limiting your mental fatigue. http://t.co/HBuEKYmlxO","605411502003245056","147637306","2015-06-01 16:32:04 +0000","http://www.fastcompany.com/3046771/limit-your-mental-fatigue,http://www.fastcompany.com/3046771/limit-your-mental-fatigue"
"605428738302590977","","","2015-06-01 17:40:34 +0000","<a href=""http://twitter.com"" rel=""nofollow"">Twitter Web Client</a>","RT @apaphilosophy: APA member Laura D'Olimpio talks about the value and risks of a creative life. http://t.co/1R7ARWZC94","605427613461397504","1140123648","2015-06-01 17:36:06 +0000","http://ab.co/1AFO8ZT,http://ab.co/1AFO8ZT"
"605384255099813889","605118171700469762","245410346","2015-06-01 14:43:48 +0000","<a href=""http://www.hootsuite.com"" rel=""nofollow"">Hootsuite</a>","@learningjay  Fantastic pictures. What one sees is that you all feel accepted, at ease, &amp; happy to be with each other! @johnrdg12 @GTCS_Tom","","","",""
"605380621544865793","605247493224452096","77735405","2015-06-01 14:29:22 +0000","<a href=""http://www.hootsuite.com"" rel=""nofollow"">Hootsuite</a>","@Kari_Kivinen Thank you very much, Sir. The live show will be even better. (My apologies for missing out the last 'n' in Väinämöinen.)","","","",""
"605243915634098176","","","2015-06-01 05:26:09 +0000","<a href=""http://www.hootsuite.com"" rel=""nofollow"">Hootsuite</a>","Our pupil will act the role of Väinämöine @ Tallinn, Estonia. http://t.co/CEAFUgtRTK http://t.co/ZSxHCmbKtR","","","","http://ow.ly/NGgoT,http://twitter.com/mariakasmirli/status/605243915634098176/photo/1,http://twitter.com/mariakasmirli/status/605243915634098176/photo/1"
"605231264476594176","","","2015-06-01 04:35:52 +0000","<a href=""http://twitter.com"" rel=""nofollow"">Twitter Web Client</a>","RT @brainpicker: This brought a transcendent tear to my eye: C.S. Lewis on why we read http://t.co/JTZGgY0xfx http://t.co/s82TxQa2FL","605207419342438400","9207632","2015-06-01 03:01:07 +0000","http://buff.ly/1FNSv3L,http://twitter.com/brainpicker/status/605207419342438400/photo/1,http://buff.ly/1FNSv3L,http://twitter.com/brainpicker/status/605207419342438400/photo/1"
"605099509824299008","605076412601659392","245410346","2015-05-31 19:52:20 +0000","<a href=""http://www.hootsuite.com"" rel=""nofollow"">Hootsuite</a>","@learningjay Go for it! Or, you could get just two and see what happens :)","","","",""
"605098339995119616","","","2015-05-31 19:47:41 +0000","<a href=""http://twitter.com"" rel=""nofollow"">Twitter Web Client</a>","Ha! https://t.co/Aq21iryYL8","","","","https://twitter.com/ITLWorldwide/status/605095921177591808"
"605075278470230016","","","2015-05-31 18:16:02 +0000","<a href=""http://twitter.com"" rel=""nofollow"">Twitter Web Client</a>","Shocking &amp; eye-opening video about WW2 casualties by @neilhalloran. The figures are staggering &amp; may surprise you. https://t.co/cyb0UyJGd7","","","","https://twitter.com/neilhalloran/status/602890380934283264"
"605074608061067264","","","2015-05-31 18:13:22 +0000","<a href=""http://twitter.com"" rel=""nofollow"">Twitter Web Client</a>","13 Ways to Be an Exceptional Teacher http://t.co/obFE78mZbD via @lifehackorg","","","","http://www.lifehack.org/articles/communication/13-ways-to-be-an-exceptional-teacher.html"
"604864894635261952","","","2015-05-31 04:20:03 +0000","<a href=""http://twitter.com"" rel=""nofollow"">Twitter Web Client</a>","RT @AdviceToWriters: I can shake off everything as I write; my sorrows disappear, my courage is reborn.
ANNE FRANK

#amwriting #writing htt…","603440519675420672","44949890","2015-05-27 06:00:05 +0000","http://twitter.com/AdviceToWriters/status/603440519675420672/photo/1,http://twitter.com/AdviceToWriters/status/603440519675420672/photo/1"
"604861900187402241","","","2015-05-31 04:08:09 +0000","<a href=""http://twitter.com"" rel=""nofollow"">Twitter Web Client</a>","RT @Kari_Kivinen: Visual definition of ""purpose""! http://t.co/ZlDLJUJpiN","604767722598240256","77735405","2015-05-30 21:53:55 +0000","http://twitter.com/Kari_Kivinen/status/604767722598240256/photo/1,http://twitter.com/Kari_Kivinen/status/604767722598240256/photo/1"
"604721713209843712","","","2015-05-30 18:51:06 +0000","<a href=""http://www.hootsuite.com"" rel=""nofollow"">Hootsuite</a>","RT @keithfrankish: Nw fee-free European school planned for Differdange in Luxembourg http://t.co/zRXj8jzyyP @mariakasmirli","581849838914048001","52522040","2015-03-28 16:06:26 +0000","http://ow.ly/KV9Y1,http://ow.ly/KV9Y1"
"604709894613311488","","","2015-05-30 18:04:08 +0000","<a href=""http://twitter.com"" rel=""nofollow"">Twitter Web Client</a>","One Hundred Classics for Every Child http://t.co/JACrNOO9Of via @katie_s_ashford","","","","http://wp.me/p3gycn-4o"
"604646209794527232","604645408061714432","245410346","2015-05-30 13:51:04 +0000","<a href=""http://www.hootsuite.com"" rel=""nofollow"">Hootsuite</a>","@learningjay OK. We'll wait for you!","","","",""
"604643760723644416","","245410346","2015-05-30 13:41:20 +0000","<a href=""http://www.hootsuite.com"" rel=""nofollow"">Hootsuite</a>","@learningjay If you're around, feel free to join us! (We'll be speaking in English.)","","","",""
"604639382629425152","604634455165280256","245410346","2015-05-30 13:23:57 +0000","<a href=""http://www.hootsuite.com"" rel=""nofollow"">Hootsuite</a>","@learningjay Cheers: Yia sou! We're going to Georgiadis park (opposite your hotel) with friends and kids. A nice place for light drinks.","","","",""
"604628348665524224","","245410346","2015-05-30 12:40:06 +0000","<a href=""http://www.hootsuite.com"" rel=""nofollow"">Hootsuite</a>","@learningjay Are you guys still in Heraklion or have you left?","","","",""
"604627536677597184","604603880861802496","245410346","2015-05-30 12:36:52 +0000","<a href=""http://www.hootsuite.com"" rel=""nofollow"">Hootsuite</a>","@learningjay Yes, we are!","","","",""
"604552288602984448","","","2015-05-30 07:37:52 +0000","<a href=""http://twitter.com"" rel=""nofollow"">Twitter Web Client</a>","RT @GTCS_Tom: .@TeamSCEL @learningjay @CEOScel Great reviews for this pair's presentation this morning. Enhanced the reputation of Scottish…","604292819512090624","57292117","2015-05-29 14:26:50 +0000",""
"604551921332985856","","","2015-05-30 07:36:24 +0000","<a href=""http://twitter.com"" rel=""nofollow"">Twitter Web Client</a>","The Best Children’s Books of 2014 | Brain Pickings http://t.co/PS7MTrSIkQ via @brainpicker","","","","http://www.brainpickings.org/2014/11/18/best-childrens-books-2014/"
"604512931406082048","","","2015-05-30 05:01:28 +0000","<a href=""http://twitter.com"" rel=""nofollow"">Twitter Web Client</a>","RT @OUPPhilosophy: 'Life must be understood backwards. But…it must be lived forwards.' -Søren #Kierkegaard 1813-55 #QOTD #philosopherotm","604508860200718338","2969611414","2015-05-30 04:45:18 +0000",""
"604502696440303616","","1257709748","2015-05-30 04:20:48 +0000","<a href=""http://twitter.com"" rel=""nofollow"">Twitter Web Client</a>","@johnrdg12 Powerful! I like the idea of building my wings on the way down -- but not without a parachute, or lots of bushes on the ground.","","","",""
"604495373021925377","","","2015-05-30 03:51:42 +0000","<a href=""http://www.hootsuite.com"" rel=""nofollow"">Hootsuite</a>","Can there be seriousness in silliness?","","","",""
"604494896913870849","","","2015-05-30 03:49:49 +0000","<a href=""http://www.hootsuite.com"" rel=""nofollow"">Hootsuite</a>","Παιδικό φεστιβάλ 2015 από τις Hρακλειώτισσες Mαμάδες http://t.co/pjpLwj24oT","","","","http://ow.ly/NCxee"
"604370676397535232","","","2015-05-29 19:36:12 +0000","<a href=""http://www.hootsuite.com"" rel=""nofollow"">Hootsuite</a>","Next, we should address social inequalities in education leadership by drawing on work on implicit bias.","","","",""
"604367688132096000","","","2015-05-29 19:24:20 +0000","<a href=""http://www.hootsuite.com"" rel=""nofollow"">Hootsuite</a>","2 rewarding days with super people and ideas of how to support inclusive leadership in European education. EPNoSL http://t.co/eJKkNALRD0","","","","http://ow.ly/NCoKL"
"604349788012830720","","","2015-05-29 18:13:12 +0000","<a href=""http://twitter.com"" rel=""nofollow"">Twitter Web Client</a>","12 Things No One Told You About People Who Grew Up Abroad http://t.co/ueSioqiZMB","","","","http://www.viralthread.com/12-things-no-one-told-you-about-people-who-grew-up-abroad/"
"604330876135067648","","","2015-05-29 16:58:03 +0000","<a href=""http://twitter.com"" rel=""nofollow"">Twitter Web Client</a>","Empathy week 4th - 12th June @learningjay @johnrdg12  https://t.co/qAmr3Fz25W","","","","https://twitter.com/philosophybites/status/604263624761348096"
"604328527710703616","","","2015-05-29 16:48:43 +0000","<a href=""http://twitter.com"" rel=""nofollow"">Twitter Web Client</a>","RT @Kari_Kivinen: Memorizers are the lowest achievers in Maths! http://t.co/RtIoWgmxvp","604295757160697857","77735405","2015-05-29 14:38:30 +0000","http://hechingerreport.org/memorizers-are-the-lowest-achievers-and-other-common-core-math-surprises/,http://hechingerreport.org/memorizers-are-the-lowest-achievers-and-other-common-core-math-surprises/"
"604137775953285120","","","2015-05-29 04:10:44 +0000","<a href=""http://www.hootsuite.com"" rel=""nofollow"">Hootsuite</a>","RT @learningjay: ...and the one about Ernest Shackleton and leadership http://t.co/2Tckx3QJTz @mariakasmirli @johnrdg12","603665398165348352","245410346","2015-05-27 20:53:41 +0000","http://eachandeverydog.net/?p=309,http://eachandeverydog.net/?p=309"
"604134482745106434","","","2015-05-29 03:57:39 +0000","<a href=""http://www.hootsuite.com"" rel=""nofollow"">Hootsuite</a>","RT @learningjay: @johnrdg12 @mariakasmirli here is one of my most recent posts from #eachandeverydog http://t.co/9S4x0Og2BV about leadership","603664805514375169","245410346","2015-05-27 20:51:19 +0000","http://eachandeverydog.net/?p=517,http://eachandeverydog.net/?p=517"
"473541324877344769","","","2014-06-02 19:07:04 +0000","<a href=""http://www.hootsuite.com"" rel=""nofollow"">Hootsuite</a>","A fresh battle to #savetheSEEH (Registrations open &amp; the Ministry suspends Greek nursery &amp; 1st grade for 14-15) http://t.co/97KUnSNXit","","","","http://ow.ly/xxufe"
"453379697309937664","","","2014-04-08 03:51:57 +0000","<a href=""http://www.hootsuite.com"" rel=""nofollow"">Hootsuite</a>","Save the SEEH!: Maria Kasmirli: No half-baked solutions, please! http://t.co/XHOjDOKlo4","","","","http://ow.ly/vxGol"
"453029006917779456","","","2014-04-07 04:38:26 +0000","<a href=""http://www.hootsuite.com"" rel=""nofollow"">Hootsuite</a>","Celebrating the SEEH in Lions Square (reposting with credits to the teachers involved) http://t.co/uVm3YmXzg0","","","","http://ow.ly/vuKcL"
"452839891605266433","","","2014-04-06 16:06:58 +0000","<a href=""http://www.hootsuite.com"" rel=""nofollow"">Hootsuite</a>","http://t.co/K8iCxppU6O","","","","http://ow.ly/vtZ7j"
"452833179578413056","","","2014-04-06 15:40:17 +0000","<a href=""http://www.hootsuite.com"" rel=""nofollow"">Hootsuite</a>","Celebrating the SEEH in Lions Square - YouTube http://t.co/bJJd3Eb8Ja","","","","http://ow.ly/vtXhL"
"452327103951044608","","","2014-04-05 06:09:20 +0000","<a href=""http://www.hootsuite.com"" rel=""nofollow"">Hootsuite</a>","Radio Kriti discussion of the SEEH with @mariakasmirli http://t.co/pc9quwDAKT","","","","http://ow.ly/vslhl"
"452318965629747201","","","2014-04-05 05:36:59 +0000","<a href=""http://www.hootsuite.com"" rel=""nofollow"">Hootsuite</a>","Παιδιά από όλη την Ευρώπη στο...κέντρο του Ηρακλείου! // Cretalive // Η Κρήτη στο κόσμο http://t.co/r8edwREp27","","","","http://ow.ly/vskrp"
"452311577870737408","","","2014-04-05 05:07:38 +0000","<a href=""http://www.hootsuite.com"" rel=""nofollow"">Hootsuite</a>","Κραυγή αγωνίας για το μοναδικό ευρωπαϊκό σχολείο στην Ελλάδα, στο Ηράκλειο Κρήτης! (φωτό) http://t.co/F4wnO89lP0","","","","http://ow.ly/vsjBG"
"452309429715996674","","","2014-04-05 04:59:06 +0000","<a href=""http://www.hootsuite.com"" rel=""nofollow"">Hootsuite</a>","Dr Christos Tsatsanis supports the SEEH - YouTube http://t.co/Iz62mqfG7E","","","","http://ow.ly/vsjhg"
"452308799026892800","","","2014-04-05 04:56:35 +0000","<a href=""http://www.hootsuite.com"" rel=""nofollow"">Hootsuite</a>","Dr Eleni Vasilaki supports the SEEH - YouTube http://t.co/m1NaRtv4rT","","","","http://ow.ly/vsjci"
"452146042268823553","","","2014-04-04 18:09:51 +0000","<a href=""http://www.hootsuite.com"" rel=""nofollow"">Hootsuite</a>","A pupil uses his multiple language skills to beg the Greek Education Minister to save his school http://t.co/QeHg9lkDZ2 #savetheseeh","","","","http://ow.ly/vroY8"
"452055148215685120","","77735405","2014-04-04 12:08:40 +0000","<a href=""http://www.hootsuite.com"" rel=""nofollow"">Hootsuite</a>","@Kari_Kivinen Would you please help us save the European School Heraklion? See http://t.co/WClBgulsFl &amp; http://t.co/xgjgPUY3Rs #savetheseeh","","","","http://ow.ly/vpPjx,http://ow.ly/vpPlH"
"452035794073829376","","","2014-04-04 10:51:46 +0000","<a href=""http://www.hootsuite.com"" rel=""nofollow"">Hootsuite</a>","Pls RT! Pls sign our petition to save our school in Heraklion Crete http://t.co/xgjgPUY3Rs (see also http://t.co/WClBgulsFl) #savetheseeh!","","","","http://ow.ly/vpPlH,http://ow.ly/vpPjx"
"451437201730314240","","","2014-04-02 19:13:10 +0000","<a href=""http://www.hootsuite.com"" rel=""nofollow"">Hootsuite</a>","Dr Eleni Vasilaki supports the SEEH http://t.co/uSyzZA7xuV #savetheseeh","","","","http://ow.ly/vlVWL"
"451236062279380992","","","2014-04-02 05:53:55 +0000","<a href=""http://www.hootsuite.com"" rel=""nofollow"">Hootsuite</a>","RT @stephenfry: I support the campaign to save the European School in Crete and ask you to do so. Pls sign @keithfrankish's petition http:/…","450564656105807872","15439395","2014-03-31 09:25:59 +0000","http://bit.ly/1jHjiHc,http://bit.ly/1jHjiHc"
"451235815285620737","","","2014-04-02 05:52:56 +0000","<a href=""http://www.hootsuite.com"" rel=""nofollow"">Hootsuite</a>","RT @valnic: @rep_parma Support the campaign to save the European School in Crete.Pls sign @keithfrankish's petition #savetheseeh! http://t.…","451139471103508480","13115962","2014-04-01 23:30:06 +0000","http://ow.ly/vjA4G,http://ow.ly/vjA4G"
"451235151742529536","","","2014-04-02 05:50:18 +0000","<a href=""http://www.hootsuite.com"" rel=""nofollow"">Hootsuite</a>","7 days! Videos from 3 senior academics supporting the SEEH &amp; loads of videos from the kids themselves http://t.co/DydnLo7WVN #savetheseeh","","","","http://ow.ly/vjWpc"
"440872880495411200","440724639115780098","416608486","2014-03-04 15:34:20 +0000","<a href=""http://www.hootsuite.com"" rel=""nofollow"">Hootsuite</a>","@judystout1 Thanks Judith. Nice to make contact. I'm still getting to grips with twitter, but am finding lots of interesting people!","","","",""
"440744107250810881","","","2014-03-04 07:02:38 +0000","<a href=""http://twitter.com"" rel=""nofollow"">Twitter Web Client</a>","RT @philosophybites: Looking forward to leading a rerun of the  Philosophy: the Basics course -starts a week today http://t.co/zStCb7PQd9","440743525991579648","37238862","2014-03-04 07:00:19 +0000","http://virtualphilosopher.com/2014/03/places-still-available-on-philosophy-the-basics-course-starting-march-11th.html,http://virtualphilosopher.com/2014/03/places-still-available-on-philosophy-the-basics-course-starting-march-11th.html"
"440524458366103553","","","2014-03-03 16:29:50 +0000","<a href=""http://twitter.com"" rel=""nofollow"">Twitter Web Client</a>","RT @hckGGREN: nR: Michael Pritchard: revised SEP entry: ""Philosophy for Children"" : http://is.gd/UitP","2086996437","28076637","2009-06-09 07:09:49 +0000",""
"440524094514401280","","","2014-03-03 16:28:23 +0000","<a href=""http://twitter.com"" rel=""nofollow"">Twitter Web Client</a>","RT @julesevans77: New issue of Philosophy Now all about teaching philosophy to children. Includes interview with @philosophyshop http://www…","70046357699821568","20732866","2011-05-16 08:42:07 +0000",""
"440523977510096896","","","2014-03-03 16:27:55 +0000","<a href=""http://twitter.com"" rel=""nofollow"">Twitter Web Client</a>","RT @drangiehobbs: Here's the podcast of the Philosophy for Children Roundtable at the LSE on 23rd June http://t.co/3B70jpR","85464494372950017","82591098","2011-06-27 21:48:17 +0000","http://www.lse.ac.uk/resources/podcasts/publicLecturesAndEvents.htm#generated-subheading1,http://www.lse.ac.uk/resources/podcasts/publicLecturesAndEvents.htm#generated-subheading1"
"440523615478771713","","","2014-03-03 16:26:29 +0000","<a href=""http://twitter.com"" rel=""nofollow"">Twitter Web Client</a>","RT @judystout1: Currently listening to Teaching Philosophy to Children @PhilosophyNow http://t.co/Ydf6IEw3 #philosophy","220408348661653504","416608486","2012-07-04 06:46:59 +0000","http://phi.ms/61d,http://phi.ms/61d"
"440523202591469568","","","2014-03-03 16:24:50 +0000","<a href=""http://twitter.com"" rel=""nofollow"">Twitter Web Client</a>","RT @DrJohnLTaylor: LSE Public Lecture: Practitioners and Philosophy for Children. I explain how the EPQ supports philosophical education. h…","278638163390513153","92386305","2012-12-11 23:11:29 +0000","http://www2.lse.ac.uk/newsAndMedia/videoAndAudio/channels/publicLecturesAndEvents/player.aspx?id=1057,http://www2.lse.ac.uk/newsAndMedia/videoAndAudio/channels/publicLecturesAndEvents/player.aspx?id=1057"
"440523091119452160","","","2014-03-03 16:24:24 +0000","<a href=""http://twitter.com"" rel=""nofollow"">Twitter Web Client</a>","RT @Philosophy_Talk: Are children natural born philosophers? This 9 year old certainly is!

http://t.co/tmqF32lI5n http://t.co/WuiJY392VI","314535668875423744","63304316","2013-03-21 00:35:21 +0000","http://youtu.be/SvMiXk2gGSk,http://fb.me/H3RNHXg2,http://youtu.be/SvMiXk2gGSk,http://fb.me/H3RNHXg2"
"440523060899495936","","","2014-03-03 16:24:16 +0000","<a href=""http://twitter.com"" rel=""nofollow"">Twitter Web Client</a>","RT @the_if_man: Answer: Beginning education in philosophy and logic for children http://t.co/wDINwQuJwR","316506037760958464","301469692","2013-03-26 11:04:54 +0000","http://philosophy.stackexchange.com/a/5866?stw=2,http://philosophy.stackexchange.com/a/5866?stw=2"
"440522979152515072","","","2014-03-03 16:23:57 +0000","<a href=""http://twitter.com"" rel=""nofollow"">Twitter Web Client</a>","RT @Abdullaht407: Philosophy for children, by Matthew Lipman (1/7): http://t.co/S4Ulol0OSP","318862324175872000","247599583","2013-04-01 23:07:56 +0000","http://youtu.be/fp5lB3YVnlE,http://youtu.be/fp5lB3YVnlE"
"440522874806628352","","","2014-03-03 16:23:32 +0000","<a href=""http://twitter.com"" rel=""nofollow"">Twitter Web Client</a>","RT @philosophybites: Philosophy for Children: an article by @peter_worley  http://t.co/GaZd9okPBD","319394509744111618","37238862","2013-04-03 10:22:39 +0000","http://philosophypress.co.uk/?p=1139,http://philosophypress.co.uk/?p=1139"
"440522847350693888","","","2014-03-03 16:23:26 +0000","<a href=""http://twitter.com"" rel=""nofollow"">Twitter Web Client</a>","RT @damonayoung: Yo Melburnians: philosophy for kids! Workshops for children aged 8-10. Sat. afternoons in E. Brunswick: http://t.co/sZG8V9…","334527418356342785","361182963","2013-05-15 04:35:26 +0000","http://thephilosophyclub.wordpress.com/,http://thephilosophyclub.wordpress.com/"
"440522789720969216","","","2014-03-03 16:23:12 +0000","<a href=""http://twitter.com"" rel=""nofollow"">Twitter Web Client</a>","RT @CEWC_P4C: @ShaunDellenty a very inspirational story - we would love to feature it as a stimulus for one of our philosophy for children …","360669094648877056","568983959","2013-07-26 07:53:07 +0000",""
"440522693092601856","","","2014-03-03 16:22:49 +0000","<a href=""http://twitter.com"" rel=""nofollow"">Twitter Web Client</a>","RT @GuyLongworth: BLOG: Children's understanding of competition, goals, intentions - Johannes Roessler #Philosophy #Warwick http://t.co/dL7…","367962070505230336","142716265","2013-08-15 10:52:48 +0000","http://www2.warwick.ac.uk/knowledge/culture/when-the-wrong-answer-makes-perfect-sense-how-the-beliefs-of-children-interact-with-their-understanding-of-competition-goals-and-the-intention-of-others,http://www2.warwick.ac.uk/knowledge/culture/when-the-wrong-answer-makes-perfect-sense-how-the-beliefs-of-children-interact-with-their-understanding-of-competition-goals-and-the-intention-of-others"
"440522655767486464","","","2014-03-03 16:22:40 +0000","<a href=""http://twitter.com"" rel=""nofollow"">Twitter Web Client</a>","RT @JanaMohrLone: A new film about the Oaxaca Philosophy for Children Initiative founded by UW grad student Amy Reed-Sandoval and... http:/…","362985133063684097","239641070","2013-08-01 17:16:14 +0000","http://fb.me/1Vkp4RNvU,http://fb.me/1Vkp4RNvU"
"440522625211981824","","","2014-03-03 16:22:33 +0000","<a href=""http://twitter.com"" rel=""nofollow"">Twitter Web Client</a>","RT @PhilosWarwick: Johannes Roessler (Warwick) discusses infants' understanding of others #philosophy #psychology http://t.co/3iRrd3WVV7","368330447442677760","1413216074","2013-08-16 11:16:36 +0000","http://bit.ly/1cEBfCl,http://bit.ly/1cEBfCl"
"440522597630218240","","","2014-03-03 16:22:26 +0000","<a href=""http://twitter.com"" rel=""nofollow"">Twitter Web Client</a>","RT @judystout1: Philosophy for children movement is picking up speed. In Socrates' Wake: PLATO awards for K-12 philosophy teaching http://t…","380058615064715264","416608486","2013-09-17 20:00:09 +0000","http://insocrateswake.blogspot.com/2013/08/plato-awards-for-k-12-philosophy.html?spref=tw,http://insocrateswake.blogspot.com/2013/08/plato-awards-for-k-12-philosophy.html?spref=tw"
"440522524510920705","","","2014-03-03 16:22:09 +0000","<a href=""http://twitter.com"" rel=""nofollow"">Twitter Web Client</a>","RT @JanaMohrLone: Three philosophy for children graduate fellowships now in place at University of Washington  http://t.co/iMdU1LxBWh   #Ph…","382919222042832896","239641070","2013-09-25 17:27:11 +0000","http://ow.ly/msbyF,http://ow.ly/msbyF"
"440522430449455104","","","2014-03-03 16:21:46 +0000","<a href=""http://twitter.com"" rel=""nofollow"">Twitter Web Client</a>","RT @GuardianEdu: 'We focus so much on knowledge in schools, there isn't enough thinking going on.' http://t.co/MpgqjC7pI9","394437970930843648","24907913","2013-10-27 12:18:35 +0000","http://www.theguardian.com/teacher-network/teacher-blog/2013/oct/27/philosophy-teacher-big-ideas-children,http://www.theguardian.com/teacher-network/teacher-blog/2013/oct/27/philosophy-teacher-big-ideas-children"
"440522325185015808","","","2014-03-03 16:21:21 +0000","<a href=""http://twitter.com"" rel=""nofollow"">Twitter Web Client</a>","RT @consequently: To mark World Philosophy Day, Michelle Sowey has a great piece on P4C here: http://t.co/Qw4csT2u8g — please read and spre…","403475400111570944","8423152","2013-11-21 10:50:06 +0000","http://www.theguardian.com/commentisfree/2013/nov/21/teaching-philosophy-to-children-its-a-great-idea,http://www.theguardian.com/commentisfree/2013/nov/21/teaching-philosophy-to-children-its-a-great-idea"
"440522264527007744","","","2014-03-03 16:21:07 +0000","<a href=""http://twitter.com"" rel=""nofollow"">Twitter Web Client</a>","RT @stephenlaw60: Teaching philosophy to children? It's a great idea | Michelle Sowey http://t.co/4FyR4DyQ69 via @guardian","403605717493362688","98470340","2013-11-21 19:27:56 +0000","http://gu.com/p/3kgg8/tw,http://gu.com/p/3kgg8/tw"
"440522205773201408","","","2014-03-03 16:20:53 +0000","<a href=""http://twitter.com"" rel=""nofollow"">Twitter Web Client</a>","RT @ockhamsbeard: ""Studying philosophy cultivates doubt without helplessness, and confidence without hubris."" Teach kids philosophy: http:/…","403751060822822912","21749800","2013-11-22 05:05:28 +0000","http://www.theguardian.com/commentisfree/2013/nov/21/teaching-philosophy-to-children-its-a-great-idea,http://www.theguardian.com/commentisfree/2013/nov/21/teaching-philosophy-to-children-its-a-great-idea"
"440522029088129025","","","2014-03-03 16:20:10 +0000","<a href=""http://twitter.com"" rel=""nofollow"">Twitter Web Client</a>","RT @childrenthink: Back to School. Have you thought about a philosophy question board for parents &amp; children? 
http://t.co/GkIhBu3Bz9  ques…","419928161607225344","194763673","2014-01-05 20:27:30 +0000","http://www.childrenthinking.co.uk,http://www.childrenthinking.co.uk"
"440521780240089088","","","2014-03-03 16:19:11 +0000","<a href=""http://twitter.com"" rel=""nofollow"">Twitter Web Client</a>","RT @philosophybites: Is philosophy for children just circle time under a different name? https://t.co/SFe8qRSlDu","430584414364794880","37238862","2014-02-04 06:11:38 +0000","https://theconversation.com/can-kids-do-kant-22623,https://theconversation.com/can-kids-do-kant-22623"
"440521738280255488","","","2014-03-03 16:19:01 +0000","<a href=""http://twitter.com"" rel=""nofollow"">Twitter Web Client</a>","RT @sophiasbigideas: RT @abujuwairiyyah: RT @KizelArie: Enacting dialogue: the impact of promoting Philosophy for Children #P4C

http://t.c…","438037771018854400","235198532","2014-02-24 19:48:37 +0000","http://academia.edu/5361995/Enacti,http://academia.edu/5361995/Enacti"
"440495641769168896","","","2014-03-03 14:35:19 +0000","<a href=""http://www.hootsuite.com"" rel=""nofollow"">Hootsuite</a>","Hacking our senses to boost learning power http://t.co/o7ZmUZrbHd","","","","http://ow.ly/ub1LN"
"440482608645169152","","","2014-03-03 13:43:32 +0000","<a href=""http://www.hootsuite.com"" rel=""nofollow"">Hootsuite</a>","Flipped classrooms in college: Lectures online and problem sets in the classroom. http://t.co/RVe8oHyRa5","","","","http://ow.ly/ub1jr"
"282960901781467136","","","2012-12-23 21:28:30 +0000","<a href=""http://twitter.com"" rel=""nofollow"">Twitter Web Client</a>","@SmileyErin9 You can find out more about us from our fbk pages  http://t.co/oifuEmqr &amp; http://t.co/Gcv0BKaN (feel free to add us as friends)","","","","http://www.facebook.com/maria.kasmirli,http://www.facebook.com/keith.frankish"
"275273453706301442","","","2012-12-02 16:21:20 +0000","<a href=""http://twitter.com"" rel=""nofollow"">Twitter Web Client</a>","More Shakespeare from my 5th graders: http://t.co/1mIxK8O6 &amp; http://t.co/9SsIx4rb (the kids welcome feedback!)","","","","http://youtu.be/UKlmay6l3q8,http://youtu.be/Qk9trYaknhs"
"219410676748259328","","126410054","2012-07-01 12:42:36 +0000","<a href=""http://www.hootsuite.com"" rel=""nofollow"">Hootsuite</a>","@zoemavroudi l'd love to hv yr professional opinion on these performances by my 5th graders in Heraklion pls http://t.co/hyl9Es78 :)","","","","http://ow.ly/bPwIw"
"219191947175268353","219187046076522496","275169171","2012-06-30 22:13:27 +0000","<a href=""http://www.hootsuite.com"" rel=""nofollow"">Hootsuite</a>","@francesbarber13 Yes! Here are kids from Crete interpreting Shakespeare in the light of the crisis in Greece http://t.co/hyl9Es78","","","","http://ow.ly/bPwIw"
"219054022865321984","","16013027","2012-06-30 13:05:23 +0000","<a href=""http://www.hootsuite.com"" rel=""nofollow"">Hootsuite</a>","@petereconomides I thought you might like to see the talent of these young kids in Heraklion. Ginetai! http://t.co/hyl9Es78","","","","http://ow.ly/bPwIw"
"218806993970929664","218782934285561858","246941871","2012-06-29 20:43:47 +0000","<a href=""http://www.hootsuite.com"" rel=""nofollow"">Hootsuite</a>","@irategreek Then it's your problem again!","","","",""
"218724689273552896","","19029137","2012-06-29 15:16:44 +0000","<a href=""http://www.hootsuite.com"" rel=""nofollow"">Hootsuite</a>","@BrentSpiner Thought you might like these Shakespeare performances by kids in Greece.1st is inspired by PStewart! http://t.co/hyl9Es78","","","","http://ow.ly/bPwIw"
"218370128637722624","217627423854960641","152312395","2012-06-28 15:47:50 +0000","<a href=""http://www.hootsuite.com"" rel=""nofollow"">Hootsuite</a>","@godsofgreektown Thank you so much for your youtube comment! The kids were delighted -- especially as the comment came from a writer!","","","",""
"217671689159450624","217627423854960641","152312395","2012-06-26 17:32:29 +0000","<a href=""http://www.hootsuite.com"" rel=""nofollow"">Hootsuite</a>","@godsofgreektown Thanks! If you felt like leaving a comment on youtube for the students, I'm sure they would be thrilled.","","","",""
"179273386755764224","","","2012-03-12 18:31:20 +0000","<a href=""http://audioboom.com"" rel=""nofollow"">audioBoom</a>","Audioboo: Cavafy, Waiting for the Barbarians http://t.co/p0CxVQbJ","","","","http://boo.fm/b708494"
"177111827854012416","177101551586910208","246941871","2012-03-06 19:22:04 +0000","<a href=""http://twitter.com"" rel=""nofollow"">Twitter Web Client</a>","@IrateGreek Thanks Theodora! How are you? Will be visiting Crete soon? We're starved for inspiration here.","","","",""
"177111507228827649","","75838766","2012-03-06 19:20:48 +0000","<a href=""http://twitter.com"" rel=""nofollow"">Twitter Web Client</a>","@ranilillanjum Thanks for the follow and for adding me to your phil list, Rani. Nice to meet you!","","","",""
"177111259060244480","","","2012-03-06 19:19:49 +0000","<a href=""http://twitter.com"" rel=""nofollow"">Twitter Web Client</a>","Watched Taare Zameen Par (Hindi w/ Grk s/titles) with kids at school. Super movie; kids deeply moved. http://t.co/4StTcfIZ","","","","http://www.taarezameenpar.com/"
"176764630968967168","","","2012-03-05 20:22:26 +0000","<a href=""http://twitter.com"" rel=""nofollow"">Twitter Web Client</a>","Tomorrow is bullying and harassment day at school, so I'd better prepare for it...","","","",""
"176763575925350400","174928554310647808","52522040","2012-03-05 20:18:15 +0000","<a href=""http://twitter.com"" rel=""nofollow"">Twitter Web Client</a>","@keithfrankish miao","","","",""
"176763138723684353","176021874399117312","15563232","2012-03-05 20:16:31 +0000","<a href=""http://twitter.com"" rel=""nofollow"">Twitter Web Client</a>","@suzybrown Ah! He does feel better, thank you. Tonight he's been attaching tails to his trousers, pretending he's an animal ... How are you?","","","",""
"176762185945587712","176366339424915456","235227886","2012-03-05 20:12:43 +0000","<a href=""http://twitter.com"" rel=""nofollow"">Twitter Web Client</a>","@elpis_bites yes--in Crete. There is a buzz here too, mainly around the bins...","","","",""
"176761737515769856","176744739759071232","20106351","2012-03-05 20:10:56 +0000","<a href=""http://twitter.com"" rel=""nofollow"">Twitter Web Client</a>","@hw1 Thank you. I do some phil language, so it's an honour to be in touch. Keith talks a lot about your work in phil religion too.","","","",""
"176741892577443840","","","2012-03-05 18:52:05 +0000","<a href=""http://twitter.com"" rel=""nofollow"">Twitter Web Client</a>","Phew! Covering for 3 other teachers today - 4 grades in all. Discussed everything from tentacles to testicles.","","","",""
"176020476504702979","174937560064327680","506027447","2012-03-03 19:05:26 +0000","<a href=""http://twitter.com"" rel=""nofollow"">Twitter Web Client</a>","@Finisterre67 Hi. Thanks for your message. There are so many nice here & so much to discover!","","","",""
"176020069401374720","174929587313188864","235227886","2012-03-03 19:03:49 +0000","<a href=""http://twitter.com"" rel=""nofollow"">Twitter Web Client</a>","@elpis_bites Thanks Elpi! How's Manchester? I used to live in Keele and visited Manchester often. I miss the UK!","","","",""
"176019561525682176","175001534000668673","15563232","2012-03-03 19:01:48 +0000","<a href=""http://twitter.com"" rel=""nofollow"">Twitter Web Client</a>","@suzybrown Hi Suzy, nice to 'meet' you! Time is in short supply right now, but there seem so many nice ppl here, that I couldn't resist!","","","",""
"176018797076025344","","","2012-03-03 18:58:46 +0000","<a href=""http://twitter.com"" rel=""nofollow"">Twitter Web Client</a>","Me: Why care about the hamster and not the person? Mikis: Because the hamster is cute! 2/2","","","",""
"176018649021300736","","","2012-03-03 18:58:10 +0000","<a href=""http://twitter.com"" rel=""nofollow"">Twitter Web Client</a>","Me: MIki, would you care if a hamster you didn't know died? Mikis: Yes. Me: What about a person? Mikis: No. 1/2","","","",""
"174916146124955649","","","2012-02-29 17:57:13 +0000","<a href=""http://twitter.com"" rel=""nofollow"">Twitter Web Client</a>","So, @keithfrankish has finally persuaded me to sign up to twitter. What next?","","","",""
